<?xml version="1.0" encoding="utf-8"?>
<Configuration>
	<Feature Name="Toast" Enabled="True" /> <!-- Enables or disables the entire toast notification -->
	<Feature Name="UpgradeOS" Enabled="False" />	<!-- Specifies if the toast is used for OS upgrades. If set to True, the targetOS build is taking into account -->
	<Feature Name="PendingRebootUptime" Enabled="False" />	<!-- Enables the toast for reminding users of restarting their device if it exceeds the uptime defined in MaxUptimeDays -->
	<Feature Name="PendingRebootCheck" Enabled="False" />	<!-- Enables the toast for reminding users of pending reboots found in registry/WMI. Might not suit ConfigMgr all too well, as if a pending reboot is found, further deployments won't run -->
	<Feature Name="ADPasswordExpiration" Enabled="False" />	<!-- Enables the toast for reminding users of expiring Active Directory passwords -->
	<Option Name="TargetOS" Build="19041" />	<!-- The actual build number of the targeted OS. 19041 = 2004 | 18363 = 1909 | 18362 = 1903 | 17763 = 1809. This option has no effect if OSUpgrade is set to False -->
	<Option Name="MaxUptimeDays" Value="-6" />	<!-- When using the toast for checking for pending reboots. A reboot is considered pending if computer uptime exceeds the value set here -->
	<Option Name="PendingRebootUptimeText" Enabled="False" />	<!-- Adds an additional group to the toast with text about the uptime of the computer -->
	<Option Name="PendingRebootCheckText" Enabled="False" />	<!-- Adds an additional group to the toast with text -->
	<Option Name="ADPasswordExpirationText" Enabled="False" />	<!-- Adds an additional group to the toast with text -->
	<Option Name="ADPasswordExpirationDays" Value="90" />	<!-- How many days in advance shall the toast start reminding the users  -->
	<Option Name="RunPackageID" Enabled="False" Value="KR100907" /> <!-- Will enable the toast to run any ConfigMgr PackageID through a custom protocol -->
	<Option Name="RunApplicationID" Enabled="False" Value="ScopeId_A9117680-D054-482B-BC97-532E6CBD0E6B/Application_fd55f35c-4e34-4490-a3ec-ee0b79233ec6" /> <!-- Will enable the toast to run any ConfigMgr ApplicationID through a custom protocol -->
	<Option Name="Deadline" Enabled="True" Value="30-09-2020 08:00" />	<!-- Adds an additional group to the toast with text about the deadline of the OSUpgrade -->
	<Option Name="DynamicDeadline" Enabled="False" Value="KR1008C8" />	<!-- Adds an additional group to the toast with text about the deadline of the OSUpgrade. This will retrieve the deadline of the IPU from WMI -->
	<Option Name="UseSoftwareCenterApp" Enabled="True" />	<!-- The app in Windows doing the actual notification - can't be both SoftwareCenter and Powershell -->
	<Option Name="UsePowershellApp" Enabled="False" />	<!-- The app in Windows doing the actual notification - can't be both SoftwareCenter and Powershell -->
	<Option Name="CustomAudio" Enabled="False" />	<!-- Enable or disable a custom speak scenario, where the text will be read out aloud -->
	<Option Name="LogoImageName" Value="https://krpublicfiles.blob.core.windows.net/toastnotification/ToastLogoImage.jpg" />  <!-- File name of the image shown as logo in the toast notoification  -->
	<Option Name="HeroImageName" Value="https://krpublicfiles.blob.core.windows.net/toastnotification/ToastHeroImage.jpg" /> <!-- File name of the image shown in the top of the toast notification -->	
	<Option Name="ActionButton" Enabled="True" />	<!-- Enables or disables the action button. -->
	<Option Name="DismissButton" Enabled="True" />	<!-- Enables or disables the dismiss button. -->
	<Option Name="SnoozeButton" Enabled="False" /> <!-- Enabling this option will always enable action button and dismiss button -->
	<Option Name="Scenario" Type="reminder" />	<!-- Possible values are: reminder | short | long -->
	<Option Name="Action" Value="microsoft-edge:https://windowshello.kromannreumert.com" />	<!-- Action taken when using the Action button. Can be any protocol in Windows -->
	<Text Option="GreetGivenName" Enabled="True" />	<!-- Displays the toast with a personal greeting using the users given name retrieved from AD. Will try retrieval from WMI of no local AD -->
	<Text Option="MultiLanguageSupport" Enabled="False" /> <!-- Enable support for multiple languages. If set to True, the toast notification will look for the users language culture within the config file -->
	<en-US> <!-- Default fallback language. This language will be used if MultiLanguageSupport is set to False or if no matching language is found -->
        <Text Name="PendingRebootUptimeText">Your computer is required to restart due to having exceeded the maximum allowed uptime.</Text> <!-- Text used if the PendingRebootUptimeText Option is enabled -->
        <Text Name="PendingRebootCheckText">Reason: Pending reboots was found in registry or WMI.</Text> <!-- Text used if the PendingRebootUptimeText Option is enabled -->
        <Text Name="ADPasswordExpirationText">Your password will expire on: </Text> <!-- Text used if the ADPasswordExpirationText Option is enabled -->
        <Text Name="CustomAudioTextToSpeech">Hey you - wake up. Your computer needs to restart. Do it now.</Text> <!-- Text to speech used if the CustomAudioTextToSpeech Option is enabled -->
        <Text Name="ActionButton">Enroll Now</Text>  <!-- Text on the ActionButton if enabled -->
        <Text Name="DismissButton">Dismiss</Text> <!-- Text on the DismissButton if enabled -->
        <Text Name="SnoozeButton">Snooze</Text> <!-- Text on the SnoozeButton if enabled -->
        <Text Name="AttributionText">www.imab.dk</Text>
        <Text Name="HeaderText">Helpdesk kindly reminds you...</Text>
        <Text Name="TitleText">Windows Hello for Business</Text>
        <Text Name="BodyText1">For security reasons, we kindly ask you to enroll your device into Windows Hello for Business. The enrollment is mandatory!</Text>
        <Text Name="BodyText2">If the enrollment isn't completed prior to the deadline, access to your e-mails will be blocked. Please locate further instructions from hitting the Enroll Now button.</Text>
        <Text Name="SnoozeText">Click snooze to be reminded again in:</Text>
        <Text Name="DeadlineText">Your deadline is:</Text>
        <Text Name="GreetMorningText">Good morning</Text>
        <Text Name="GreetAfternoonText">Good afternoon</Text>
        <Text Name="GreetEveningText">Good evening</Text>
        <Text Name="MinutesText">Minutes</Text>
        <Text Name="HourText">Hour</Text>
        <Text Name="HoursText">Hours</Text>
        <Text Name="ComputerUptimeText">Computer uptime:</Text>
        <Text Name="ComputerUptimeDaysText">days</Text>
    </en-US>
	<da-DK>
        <Text Name="PendingRebootUptimeText">Din computer er påkrævet at genstarte, da den har overskredet den maksimale oppetid.</Text> <!-- Text used if the PendingRebootUptimeText Option is enabled -->
        <Text Name="PendingRebootCheckText">Årsag: Udestående genstart fundet i registry eller WMI.</Text> <!-- Text used if the PendingRebootUptimeText Option is enabled -->
        <Text Name="ADPasswordExpirationText">Dit password vil udløbe: </Text> <!-- Text used if the ADPasswordExpirationText Option is enabled -->
        <Text Name="CustomAudioTextToSpeech">Hej dig - vågn op. Din computer skal genstarte. Gør det nu.</Text> <!-- Text to speech used if the CustomAudioTextToSpeech Option is enabled -->
        <Text Name="ActionButton">Påbegynd</Text>  <!-- Text on the ActionButton if enabled -->
        <Text Name="DismissButton">Afvis</Text> <!-- Text on the DismissButton if enabled -->
        <Text Name="SnoozeButton">Udskyd</Text> <!-- Text on the SnoozeButton if enabled -->
        <Text Name="AttributionText">www.imab.dk</Text>
        <Text Name="HeaderText">En venlig påmindelse fra Helpdesk</Text>
        <Text Name="TitleText">Windows Hello for Business</Text>
        <Text Name="BodyText1">Af hensyn til vores IT-sikkerhed, beder vi dig om at påbegynde brugen af Windows Hello for Business så hurtigt som muligt. Brugen heraf er påkrævet!</Text>
        <Text Name="BodyText2">Hvis Windows Hello for Business ikke er taget i brug inden tidsfristens udløb, vil adgang til firma ressourcer såsom e-mails blive blokeret. Find flere informationer ved tryk på Påbegynd.</Text>
        <Text Name="SnoozeText">Klik udskyd for at blive påmindet igen om:</Text>
        <Text Name="DeadlineText">Din tidsfrist er:</Text>
        <Text Name="GreetMorningText">Godmorgen</Text>
        <Text Name="GreetAfternoonText">God eftermiddag</Text>
        <Text Name="GreetEveningText">Godaften</Text>
        <Text Name="MinutesText">Minutter</Text>
        <Text Name="HourText">Time</Text>
        <Text Name="HoursText">Timer</Text>
        <Text Name="ComputerUptimeText">Computer oppetid:</Text>
        <Text Name="ComputerUptimeDaysText">dage</Text>
    </da-DK>
    <sv-SE>
		<Text Name="PendingRebootUptimeText">Din dator behöver startas om då den överskridit den maximala tillåtna upptiden.</Text>	<!-- Text used if the PendingRebootUptimeText Option is enabled -->
		<Text Name="PendingRebootCheckText">Orsak: Väntande omstart hittades i registret eller WMI.</Text>	<!-- Text used if the PendingRebootUptimeText Option is enabled -->
		<Text Name="ADPasswordExpirationText">Ditt lösenord går ut: </Text>	<!-- Text used if the ADPasswordExpirationText Option is enabled -->
		<Text Name="CustomAudioTextToSpeech">Hej du - vakna upp. Datorn måste starta om. Gör det nu.</Text>	<!-- Text to speech used if the CustomAudioTextToSpeech Option is enabled -->
		<Text Name="ActionButton">Starta Om</Text>	<!-- Text on the ActionButton if enabled -->
		<Text Name="DismissButton">Stäng</Text>	<!-- Text on the DismissButton if enabled -->
		<Text Name="SnoozeButton">Påminn</Text>	<!-- Text on the SnoozeButton if enabled -->
		<Text Name="AttributionText">www.imab.dk</Text>
		<Text Name="HeaderText">En vänlig påminnelse från IT...</Text>
		<Text Name="TitleText">Din dator behövs starta om</Text>
		<Text Name="BodyText1">För att kunna garantera datorns säkerhet och stabilitet ber vi dig att starta om datorn så snart som möjligt.</Text>
		<Text Name="BodyText2">Att starta om sin dator regelbundet bidrar till en stabilare och säkrare It-miljö. Tack på förhand!</Text>
		<Text Name="SnoozeText">Klicka på Påminn för att bli påmind igen:</Text>
		<Text Name="DeadlineText">Slutdatum är:</Text>
		<Text Name="GreetMorningText">God morgon</Text>
		<Text Name="GreetAfternoonText">God eftermiddag</Text>
		<Text Name="GreetEveningText">God kväll</Text>
		<Text Name="MinutesText">Minuter</Text>
		<Text Name="HourText">Timma</Text>
		<Text Name="HoursText">Timmar</Text>
		<Text Name="ComputerUptimeText">Datorns upptid:</Text>
		<Text Name="ComputerUptimeDaysText">dagar</Text>
    </sv-SE>
</Configuration>